{
    "Audio_SelfVideo": {
        "acc_mean": 0.8480053191489361,
        "acc_std": 0.0038906220314701527,
        "f1_mean": 0.847963968221638,
        "f1_std": 0.0038867361742318967,
        "acc_per_seed": [
            0.8517287234042553,
            0.8464095744680851,
            0.8464095744680851,
            0.8530585106382979,
            0.8424202127659575
        ],
        "f1_per_seed": [
            0.8516389334557761,
            0.8463736470738059,
            0.8463671253666438,
            0.8530506500080685,
            0.8423894852038956
        ],
        "seeds": [
            42,
            68,
            92,
            105,
            208
        ]
    },
    "Full_Dyadic": {
        "acc_mean": 0.8545212765957448,
        "acc_std": 0.005569253082811682,
        "f1_mean": 0.8542921957360987,
        "f1_std": 0.0057774236184970846,
        "acc_per_seed": [
            0.863031914893617,
            0.8523936170212766,
            0.8583776595744681,
            0.8517287234042553,
            0.8470744680851063
        ],
        "f1_per_seed": [
            0.8630164119977363,
            0.8522169580828145,
            0.8583320029699901,
            0.8515001981372881,
            0.8463954074926643
        ],
        "seeds": [
            42,
            68,
            92,
            105,
            208
        ]
    },
    "No_Audio": {
        "acc_mean": 0.8356382978723405,
        "acc_std": 0.0022011895421870497,
        "f1_mean": 0.8354911932813076,
        "f1_std": 0.0022005327098771803,
        "acc_per_seed": [
            0.8331117021276596,
            0.8351063829787234,
            0.8371010638297872,
            0.839095744680851,
            0.8337765957446809
        ],
        "f1_per_seed": [
            0.833095100298834,
            0.8349090342546758,
            0.8370404767432861,
            0.8389177151212914,
            0.8334936399884508
        ],
        "seeds": [
            42,
            68,
            92,
            105,
            208
        ]
    },
    "No_Partner": {
        "acc_mean": 0.8527925531914894,
        "acc_std": 0.0031355920538700954,
        "f1_mean": 0.8524146040943867,
        "f1_std": 0.003183792548595943,
        "acc_per_seed": [
            0.8550531914893617,
            0.851063829787234,
            0.8577127659574468,
            0.851063829787234,
            0.8490691489361702
        ],
        "f1_per_seed": [
            0.8544847726324573,
            0.8508420066482132,
            0.8575424731068573,
            0.85055219600829,
            0.8486515720761157
        ],
        "seeds": [
            42,
            68,
            92,
            105,
            208
        ]
    },
    "No_SelfVideo": {
        "acc_mean": 0.7897606382978724,
        "acc_std": 0.005035663890628048,
        "f1_mean": 0.7881462715345564,
        "f1_std": 0.0054606939494171985,
        "acc_per_seed": [
            0.7965425531914894,
            0.7865691489361702,
            0.7918882978723404,
            0.7918882978723404,
            0.7819148936170213
        ],
        "f1_per_seed": [
            0.7955650319829424,
            0.785313975376102,
            0.7894148239703289,
            0.7910190281749102,
            0.7794184981684982
        ],
        "seeds": [
            42,
            68,
            92,
            105,
            208
        ]
    },
    "No_Text": {
        "acc_mean": 0.8511968085106382,
        "acc_std": 0.006627625422541004,
        "f1_mean": 0.851092203949585,
        "f1_std": 0.006533718482267591,
        "acc_per_seed": [
            0.8537234042553191,
            0.8457446808510638,
            0.8543882978723404,
            0.8603723404255319,
            0.8417553191489362
        ],
        "f1_per_seed": [
            0.8536726881629129,
            0.8457378611761002,
            0.8543542368362056,
            0.8599957800146458,
            0.8417004535580603
        ],
        "seeds": [
            42,
            68,
            92,
            105,
            208
        ]
    },
    "Only_PartnerVideo": {
        "acc_mean": 0.5920212765957447,
        "acc_std": 0.008856822236886585,
        "f1_mean": 0.5836300552964141,
        "f1_std": 0.009125119061809505,
        "acc_per_seed": [
            0.5871010638297872,
            0.581781914893617,
            0.5977393617021277,
            0.6063829787234043,
            0.5871010638297872
        ],
        "f1_per_seed": [
            0.581168398748865,
            0.5738649390920953,
            0.5904240833807838,
            0.5976159787990593,
            0.5750768764612669
        ],
        "seeds": [
            42,
            68,
            92,
            105,
            208
        ]
    },
    "Only_SelfVideo": {
        "acc_mean": 0.8386968085106382,
        "acc_std": 0.002808339372598787,
        "f1_mean": 0.8386035135175881,
        "f1_std": 0.002820871192809611,
        "acc_per_seed": [
            0.839095744680851,
            0.8357712765957447,
            0.84375,
            0.8384308510638298,
            0.836436170212766
        ],
        "f1_per_seed": [
            0.8390726942483768,
            0.8357590058036639,
            0.8436747404936117,
            0.8382860816702368,
            0.8362250453720508
        ],
        "seeds": [
            42,
            68,
            92,
            105,
            208
        ]
    },
    "SelfVideo_PartnerVideo": {
        "acc_mean": 0.839627659574468,
        "acc_std": 0.005967767466041691,
        "f1_mean": 0.8394993720761319,
        "f1_std": 0.005976954855290638,
        "acc_per_seed": [
            0.8324468085106383,
            0.8324468085106383,
            0.8430851063829787,
            0.84375,
            0.8464095744680851
        ],
        "f1_per_seed": [
            0.8321797224249208,
            0.8324456233421751,
            0.8429951519869776,
            0.843540766652014,
            0.8463355959745715
        ],
        "seeds": [
            42,
            68,
            92,
            105,
            208
        ]
    },
    "Audio_DyadicFAU": {
        "acc_mean": 0.8667553191489361,
        "acc_std": 0.004422417326679752,
        "f1_mean": 0.8666431660543402,
        "f1_std": 0.004451809766393366,
        "acc_per_seed": [
            0.8636968085106383,
            0.8710106382978723,
            0.8643617021276596,
            0.8617021276595744,
            0.8730053191489362
        ],
        "f1_per_seed": [
            0.8636938558343248,
            0.8708898623832912,
            0.8640838631482702,
            0.8615726359573432,
            0.8729756129484715
        ],
        "seeds": [
            42,
            68,
            92,
            105,
            208
        ]
    },
    "Audio_FAU_Only": {
        "acc_mean": 0.8541223404255319,
        "acc_std": 0.007168527644650814,
        "f1_mean": 0.8534212172757416,
        "f1_std": 0.007759809619005719,
        "acc_per_seed": [
            0.8583776595744681,
            0.8590425531914894,
            0.8503989361702128,
            0.8610372340425532,
            0.8417553191489362
        ],
        "f1_per_seed": [
            0.8578103507737048,
            0.8589325438048501,
            0.8492552971127312,
            0.8609855495483543,
            0.8401223451390676
        ],
        "seeds": [
            42,
            68,
            92,
            105,
            208
        ]
    },
    "Body_Only": {
        "acc_mean": 0.7329787234042553,
        "acc_std": 0.005985519912195149,
        "f1_mean": 0.732370644636329,
        "f1_std": 0.0058457783284470545,
        "acc_per_seed": [
            0.7313829787234043,
            0.738031914893617,
            0.7293882978723404,
            0.7413563829787234,
            0.7247340425531915
        ],