{
  "Only_PartnerVideo": {
    "acc_mean": 0.5920212765957447,
    "acc_std": 0.008856822236886585,
    "f1_mean": 0.5836300552964141,
    "f1_std": 0.009125119061809505,
    "acc_per_seed": [
      0.5871010638297872,
      0.581781914893617,
      0.5977393617021277,
      0.6063829787234043,
      0.5871010638297872
    ],
    "f1_per_seed": [
      0.581168398748865,
      0.5738649390920953,
      0.5904240833807838,
      0.5976159787990593,
      0.5750768764612669
    ],
    "seeds": [
      42,
      68,
      92,
      105,
      208
    ]
  }
}