{
  "Audio_DyadicFAUBody": {
    "acc_mean": 0.857313829787234,
    "acc_std": 0.0024375402632743747,
    "f1_mean": 0.8572855657722736,
    "f1_std": 0.002437353190169681,
    "acc_per_seed": [
      0.8563829787234043,
      0.8617021276595744,
      0.8577127659574468,
      0.8543882978723404,
      0.8563829787234043
    ],
    "f1_per_seed": [
      0.8563667232597623,
      0.8616669025045989,
      0.8576823144664767,
      0.8543413551663279,
      0.8563705334642014
    ],
    "seeds": [
      42,
      68,
      92,
      105,
      208
    ]
  }
}