{
  "Audio_FAU_Only": {
    "acc_mean": 0.8541223404255319,
    "acc_std": 0.007168527644650814,
    "f1_mean": 0.8534212172757416,
    "f1_std": 0.007759809619005719,
    "acc_per_seed": [
      0.8583776595744681,
      0.8590425531914894,
      0.8503989361702128,
      0.8610372340425532,
      0.8417553191489362
    ],
    "f1_per_seed": [
      0.8578103507737048,
      0.8589325438048501,
      0.8492552971127312,
      0.8609855495483543,
      0.8401223451390676
    ],
    "seeds": [
      42,
      68,
      92,
      105,
      208
    ]
  }
}