{
  "Body_Only": {
    "acc_mean": 0.7329787234042553,
    "acc_std": 0.005985519912195149,
    "f1_mean": 0.732370644636329,
    "f1_std": 0.0058457783284470545,
    "acc_per_seed": [
      0.7313829787234043,
      0.738031914893617,
      0.7293882978723404,
      0.7413563829787234,
      0.7247340425531915
    ],
    "f1_per_seed": [
      0.7307311193242751,
      0.736409364029586,
      0.728677129915646,
      0.7413059482882505,
      0.724729661623887
    ],
    "seeds": [
      42,
      68,
      92,
      105,
      208
    ]
  }
}