{
  "FAU_Head": {
    "acc_mean": 0.8363031914893618,
    "acc_std": 0.005756611920721621,
    "f1_mean": 0.8362262822336068,
    "f1_std": 0.005780157969676351,
    "acc_per_seed": [
      0.8337765957446809,
      0.8430851063829787,
      0.8384308510638298,
      0.8264627659574468,
      0.8397606382978723
    ],
    "f1_per_seed": [
      0.8335776554986651,
      0.8430307018474885,
      0.838425065264917,
      0.8263890086707311,
      0.8397089798862329
    ],
    "seeds": [
      42,
      68,
      92,
      105,
      208
    ]
  }
}