{
  "Gaze_Only": {
    "acc_mean": 0.5831117021276595,
    "acc_std": 0.07499929266302938,
    "f1_mean": 0.5186759172315845,
    "f1_std": 0.12654687476017973,
    "acc_per_seed": [
      0.668218085106383,
      0.5132978723404256,
      0.680186170212766,
      0.538563829787234,
      0.5152925531914894
    ],
    "f1_per_seed": [
      0.6652761765014149,
      0.3980881899475794,
      0.6784975123714799,
      0.45053200337753185,
      0.40098570395991623
    ],
    "seeds": [
      42,
      68,
      92,
      105,
      208
    ]
  }
}