{
  "Face_Only": {
    "acc_mean": 0.8384308510638299,
    "acc_std": 0.004548572174597638,
    "f1_mean": 0.8382866482982421,
    "f1_std": 0.004464550588040455,
    "acc_per_seed": [
      0.8417553191489362,
      0.8397606382978723,
      0.8384308510638298,
      0.8297872340425532,
      0.8424202127659575
    ],
    "f1_per_seed": [
      0.8414311736729818,
      0.8396528194045995,
      0.8384147783769589,
      0.8297571294154269,
      0.8421773406212434
    ],
    "seeds": [
      42,
      68,
      92,
      105,
      208
    ]
  }
}