{
  "Audio_SelfVideo": {
    "acc_mean": 0.8480053191489361,
    "acc_std": 0.0038906220314701527,
    "f1_mean": 0.847963968221638,
    "f1_std": 0.0038867361742318967,
    "acc_per_seed": [
      0.8517287234042553,
      0.8464095744680851,
      0.8464095744680851,
      0.8530585106382979,
      0.8424202127659575
    ],
    "f1_per_seed": [
      0.8516389334557761,
      0.8463736470738059,
      0.8463671253666438,
      0.8530506500080685,
      0.8423894852038956
    ],
    "seeds": [
      42,
      68,
      92,
      105,
      208
    ]
  }
}