{
  "No_Text": {
    "acc_mean": 0.8511968085106382,
    "acc_std": 0.006627625422541004,
    "f1_mean": 0.851092203949585,
    "f1_std": 0.006533718482267591,
    "acc_per_seed": [
      0.8537234042553191,
      0.8457446808510638,
      0.8543882978723404,
      0.8603723404255319,
      0.8417553191489362
    ],
    "f1_per_seed": [
      0.8536726881629129,
      0.8457378611761002,
      0.8543542368362056,
      0.8599957800146458,
      0.8417004535580603
    ],
    "seeds": [
      42,
      68,
      92,
      105,
      208
    ]
  }
}