{
  "No_Audio": {
    "acc_mean": 0.8356382978723405,
    "acc_std": 0.0022011895421870497,
    "f1_mean": 0.8354911932813076,
    "f1_std": 0.0022005327098771803,
    "acc_per_seed": [
      0.8331117021276596,
      0.8351063829787234,
      0.8371010638297872,
      0.839095744680851,
      0.8337765957446809
    ],
    "f1_per_seed": [
      0.833095100298834,
      0.8349090342546758,
      0.8370404767432861,
      0.8389177151212914,
      0.8334936399884508
    ],
    "seeds": [
      42,
      68,
      92,
      105,
      208
    ]
  }
}