{
  "Full_Dyadic": {
    "acc_mean": 0.8545212765957448,
    "acc_std": 0.005569253082811682,
    "f1_mean": 0.8542921957360987,
    "f1_std": 0.0057774236184970846,
    "acc_per_seed": [
      0.863031914893617,
      0.8523936170212766,
      0.8583776595744681,
      0.8517287234042553,
      0.8470744680851063
    ],
    "f1_per_seed": [
      0.8630164119977363,
      0.8522169580828145,
      0.8583320029699901,
      0.8515001981372881,
      0.8463954074926643
    ],
    "seeds": [
      42,
      68,
      92,
      105,
      208
    ]
  }
}