{
  "No_SelfVideo": {
    "acc_mean": 0.7897606382978724,
    "acc_std": 0.005035663890628048,
    "f1_mean": 0.7881462715345564,
    "f1_std": 0.0054606939494171985,
    "acc_per_seed": [
      0.7965425531914894,
      0.7865691489361702,
      0.7918882978723404,
      0.7918882978723404,
      0.7819148936170213
    ],
    "f1_per_seed": [
      0.7955650319829424,
      0.785313975376102,
      0.7894148239703289,
      0.7910190281749102,
      0.7794184981684982
    ],
    "seeds": [
      42,
      68,
      92,
      105,
      208
    ]
  }
}