{
  "Only_SelfVideo": {
    "acc_mean": 0.8386968085106382,
    "acc_std": 0.002808339372598787,
    "f1_mean": 0.8386035135175881,
    "f1_std": 0.002820871192809611,
    "acc_per_seed": [
      0.839095744680851,
      0.8357712765957447,
      0.84375,
      0.8384308510638298,
      0.836436170212766
    ],
    "f1_per_seed": [
      0.8390726942483768,
      0.8357590058036639,
      0.8436747404936117,
      0.8382860816702368,
      0.8362250453720508
    ],
    "seeds": [
      42,
      68,
      92,
      105,
      208
    ]
  }
}