{
  "SelfVideo_PartnerVideo": {
    "acc_mean": 0.839627659574468,
    "acc_std": 0.005967767466041691,
    "f1_mean": 0.8394993720761319,
    "f1_std": 0.005976954855290638,
    "acc_per_seed": [
      0.8324468085106383,
      0.8324468085106383,
      0.8430851063829787,
      0.84375,
      0.8464095744680851
    ],
    "f1_per_seed": [
      0.8321797224249208,
      0.8324456233421751,
      0.8429951519869776,
      0.843540766652014,
      0.8463355959745715
    ],
    "seeds": [
      42,
      68,
      92,
      105,
      208
    ]
  }
}