{
  "No_Partner": {
    "acc_mean": 0.8527925531914894,
    "acc_std": 0.0031355920538700954,
    "f1_mean": 0.8524146040943867,
    "f1_std": 0.003183792548595943,
    "acc_per_seed": [
      0.8550531914893617,
      0.851063829787234,
      0.8577127659574468,
      0.851063829787234,
      0.8490691489361702
    ],
    "f1_per_seed": [
      0.8544847726324573,
      0.8508420066482132,
      0.8575424731068573,
      0.85055219600829,
      0.8486515720761157
    ],
    "seeds": [
      42,
      68,
      92,
      105,
      208
    ]
  }
}