{
  "Audio_DyadicFAU": {
    "acc_mean": 0.8667553191489361,
    "acc_std": 0.004422417326679752,
    "f1_mean": 0.8666431660543402,
    "f1_std": 0.004451809766393366,
    "acc_per_seed": [
      0.8636968085106383,
      0.8710106382978723,
      0.8643617021276596,
      0.8617021276595744,
      0.8730053191489362
    ],
    "f1_per_seed": [
      0.8636938558343248,
      0.8708898623832912,
      0.8640838631482702,
      0.8615726359573432,
      0.8729756129484715
    ],
    "seeds": [
      42,
      68,
      92,
      105,
      208
    ]
  }
}