{
  "Full_Visual_Dyadic": {
    "acc_mean": 0.8422872340425531,
    "acc_std": 0.004594987378502938,
    "f1_mean": 0.8422022877624556,
    "f1_std": 0.004584991752404542,
    "acc_per_seed": [
      0.8497340425531915,
      0.8410904255319149,
      0.8377659574468085,
      0.8377659574468085,
      0.8450797872340425
    ],
    "f1_per_seed": [
      0.8496053237053556,
      0.840907491540952,
      0.837672953749248,
      0.8377475947934352,
      0.845078075023287
    ],
    "seeds": [
      42,
      68,
      92,
      105,
      208
    ]
  }
}