{
  "Head_Only": {
    "acc_mean": 0.7191489361702128,
    "acc_std": 0.004321297023742547,
    "f1_mean": 0.7190314245816086,
    "f1_std": 0.004240408355092224,
    "acc_per_seed": [
      0.723404255319149,
      0.7127659574468085,
      0.7154255319148937,
      0.7207446808510638,
      0.723404255319149
    ],
    "f1_per_seed": [
      0.7230732187497787,
      0.7127151558885327,
      0.7154210028382214,
      0.7206849162426179,
      0.7232628291888927
    ],
    "seeds": [
      42,
      68,
      92,
      105,
      208
    ]
  }
}