{
  "FAU_Body": {
    "acc_mean": 0.851063829787234,
    "acc_std": 0.004922009447691947,
    "f1_mean": 0.8509087994460142,
    "f1_std": 0.0050725123370052375,
    "acc_per_seed": [
      0.8517287234042553,
      0.8550531914893617,
      0.8497340425531915,
      0.8424202127659575,
      0.8563829787234043
    ],
    "f1_per_seed": [
      0.8516877444015652,
      0.8549606028916574,
      0.8496167683957364,
      0.8419388353737949,
      0.8563400461673167
    ],
    "seeds": [
      42,
      68,
      92,
      105,
      208
    ]
  }
}