{
  "FAU_Only": {
    "acc_mean": 0.831781914893617,
    "acc_std": 0.0066887108191272734,
    "f1_mean": 0.8312426920341274,
    "f1_std": 0.006861572677949945,
    "acc_per_seed": [
      0.8291223404255319,
      0.8277925531914894,
      0.84375,
      0.8337765957446809,
      0.824468085106383
    ],
    "f1_per_seed": [
      0.8285218679780577,
      0.8275619513313688,
      0.8434204376554709,
      0.833328309541245,
      0.8233808936644942
    ],
    "seeds": [
      42,
      68,
      92,
      105,
      208
    ]
  }
}