{
  "FAU_Gaze": {
    "acc_mean": 0.8337765957446809,
    "acc_std": 0.0027575054991127216,
    "f1_mean": 0.8330188831560849,
    "f1_std": 0.0029487201622734253,
    "acc_per_seed": [
      0.8357712765957447,
      0.8297872340425532,
      0.8324468085106383,
      0.8377659574468085,
      0.8331117021276596
    ],
    "f1_per_seed": [
      0.8345158150526426,
      0.8291197329995827,
      0.8312243502051984,
      0.8377633754498272,
      0.8324711420731732
    ],
    "seeds": [
      42,
      68,
      92,
      105,
      208
    ]
  }
}