{
  "Body_Speaker_FAU_Partner": {
    "acc_mean": 0.7376329787234044,
    "acc_std": 0.004986258845545904,
    "f1_mean": 0.7363052309777763,
    "f1_std": 0.004844706065292203,
    "acc_per_seed": [
      0.7333776595744681,
      0.742686170212766,
      0.7440159574468085,
      0.7313829787234043,
      0.7367021276595744
    ],
    "f1_per_seed": [
      0.7322173948757112,
      0.741327520348779,
      0.7424033133809788,
      0.730190194030593,
      0.7353877322528191
    ],
    "seeds": [
      42,
      68,
      92,
      105,
      208
    ]
  }
}